condition,total_pairs,valid_pairs,embedding_failed_pairs,genuine_pairs,impostor_pairs,mean_id_quality,mean_selfie_quality,baseline_roc_auc,fused_roc_auc,delta_roc_auc,baseline_eer,fused_eer,delta_eer,baseline_accuracy_at_eer_threshold,fused_accuracy_at_eer_threshold
clean,62,28,34,52,10,0.4853106709295249,0.681065493293963,1.0,1.0,0.0,0.0,0.0,0.0,1.0,1.0
blur_mild,62,28,34,52,10,0.4853106709295249,0.5438767109495103,1.0,1.0,0.0,0.0,0.0,0.0,1.0,1.0
blur_strong,62,28,34,52,10,0.4853106709295249,0.5312186528213586,0.9583333333333334,0.96875,0.01041666666666663,0.020833333333333315,0.020833333333333315,0.0,0.9642857142857143,0.9642857142857143
low_light,62,27,35,52,10,0.4853106709295249,0.49925716583470675,1.0,1.0,0.0,0.0,0.0,0.0,1.0,1.0
overexposed,62,27,35,52,10,0.4853106709295249,0.6025973498913145,1.0,1.0,0.0,0.0,0.0,0.0,1.0,1.0
jpeg_q25,62,28,34,52,10,0.4853106709295249,0.642764197026428,0.96875,0.9583333333333334,-0.01041666666666663,0.020833333333333315,0.020833333333333315,0.0,0.9642857142857143,0.9642857142857143
gaussian_noise,62,27,35,52,10,0.4853106709295249,0.8682302357782797,0.9722222222222222,0.9722222222222222,0.0,0.020833333333333315,0.020833333333333315,0.0,0.9629629629629629,0.9629629629629629
